_ID_,mag[0],mag[1],mag[2],time
24,0.0847070664,-0.479229897,0.586371362,1132.2328618181637
73,0.075773783,-0.431551337,0.566281676,1132.2628618195886
